<Backups xmlns="http://www.microsoft.com/GroupPolicy/GPOOperations/Manifest" xmlns:mfst="http://www.microsoft.com/GroupPolicy/GPOOperations/Manifest" mfst:version="1.0"><BackupInst><GPOGuid><![CDATA[{83A5E982-986A-4447-A8A1-7945B71C18B3}]]></GPOGuid><GPODomain><![CDATA[security.local]]></GPODomain><GPODomainGuid><![CDATA[{6f0514af-6cc4-48d1-b2ef-2310ad5fc57b}]]></GPODomainGuid><GPODomainController><![CDATA[DC-SEC-01.security.local]]></GPODomainController><BackupTime><![CDATA[2022-09-19T15:27:01]]></BackupTime><ID><![CDATA[{E9B060A3-A48B-4C5A-98E4-795D0AD3AABD}]]></ID><Comment><![CDATA[]]></Comment><GPODisplayName><![CDATA[MSFT Windows 11 22H2 - User]]></GPODisplayName></BackupInst><BackupInst><GPOGuid><![CDATA[{E9F1D4BF-D7C0-4358-B1CD-6B1F7E1754D3}]]></GPOGuid><GPODomain><![CDATA[security.local]]></GPODomain><GPODomainGuid><![CDATA[{6f0514af-6cc4-48d1-b2ef-2310ad5fc57b}]]></GPODomainGuid><GPODomainController><![CDATA[DC-SEC-01.security.local]]></GPODomainController><BackupTime><![CDATA[2022-09-19T15:27:01]]></BackupTime><ID><![CDATA[{AB1FF8CF-8B21-4F4E-A822-F95CA245C389}]]></ID><Comment><![CDATA[]]></Comment><GPODisplayName><![CDATA[MSFT Windows 11 22H2 - Domain Security]]></GPODisplayName></BackupInst><BackupInst><GPOGuid><![CDATA[{048EDF92-475E-4360-A38B-025342E2D833}]]></GPOGuid><GPODomain><![CDATA[security.local]]></GPODomain><GPODomainGuid><![CDATA[{6f0514af-6cc4-48d1-b2ef-2310ad5fc57b}]]></GPODomainGuid><GPODomainController><![CDATA[DC-SEC-01.security.local]]></GPODomainController><BackupTime><![CDATA[2022-09-19T15:27:01]]></BackupTime><ID><![CDATA[{2EBC1F2D-4C13-408B-A76E-94670180DD13}]]></ID><Comment><![CDATA[]]></Comment><GPODisplayName><![CDATA[MSFT Windows 11 22H2 - Defender Antivirus]]></GPODisplayName></BackupInst><BackupInst><GPOGuid><![CDATA[{3459AD93-6648-423E-9777-0C82975217D5}]]></GPOGuid><GPODomain><![CDATA[security.local]]></GPODomain><GPODomainGuid><![CDATA[{6f0514af-6cc4-48d1-b2ef-2310ad5fc57b}]]></GPODomainGuid><GPODomainController><![CDATA[DC-SEC-01.security.local]]></GPODomainController><BackupTime><![CDATA[2022-09-19T15:27:01]]></BackupTime><ID><![CDATA[{B76B3ECF-811E-4554-AD0A-13B68DA73E79}]]></ID><Comment><![CDATA[]]></Comment><GPODisplayName><![CDATA[MSFT Windows 11 22H2 - Credential Guard]]></GPODisplayName></BackupInst><BackupInst><GPOGuid><![CDATA[{1B6AAB4D-20DC-4956-9439-DD15694E2B6A}]]></GPOGuid><GPODomain><![CDATA[security.local]]></GPODomain><GPODomainGuid><![CDATA[{6f0514af-6cc4-48d1-b2ef-2310ad5fc57b}]]></GPODomainGuid><GPODomainController><![CDATA[DC-SEC-01.security.local]]></GPODomainController><BackupTime><![CDATA[2022-09-19T15:27:00]]></BackupTime><ID><![CDATA[{03A608E1-608B-4ECE-A44E-ACE3AF1ECD8B}]]></ID><Comment><![CDATA[]]></Comment><GPODisplayName><![CDATA[MSFT Windows 11 22H2 - Computer]]></GPODisplayName></BackupInst><BackupInst><GPOGuid><![CDATA[{F9CA6C42-3A57-4D81-88BF-6CD8289FD1F5}]]></GPOGuid><GPODomain><![CDATA[security.local]]></GPODomain><GPODomainGuid><![CDATA[{6f0514af-6cc4-48d1-b2ef-2310ad5fc57b}]]></GPODomainGuid><GPODomainController><![CDATA[DC-SEC-01.security.local]]></GPODomainController><BackupTime><![CDATA[2022-09-19T15:27:00]]></BackupTime><ID><![CDATA[{A41A085C-562E-43DD-BC6F-D06721340A26}]]></ID><Comment><![CDATA[]]></Comment><GPODisplayName><![CDATA[MSFT Windows 11 22H2 - BitLocker]]></GPODisplayName></BackupInst><BackupInst><GPOGuid><![CDATA[{582D31BD-8974-43C8-B88B-FC18B4254E87}]]></GPOGuid><GPODomain><![CDATA[security.local]]></GPODomain><GPODomainGuid><![CDATA[{6f0514af-6cc4-48d1-b2ef-2310ad5fc57b}]]></GPODomainGuid><GPODomainController><![CDATA[DC-SEC-01.security.local]]></GPODomainController><BackupTime><![CDATA[2022-09-19T15:27:00]]></BackupTime><ID><![CDATA[{6604C026-7CFF-4769-BBC8-9E08C5A8E3FC}]]></ID><Comment><![CDATA[]]></Comment><GPODisplayName><![CDATA[MSFT Internet Explorer 11 - User]]></GPODisplayName></BackupInst><BackupInst><GPOGuid><![CDATA[{D5398278-ABE5-4648-921E-D68A15AF59E9}]]></GPOGuid><GPODomain><![CDATA[security.local]]></GPODomain><GPODomainGuid><![CDATA[{6f0514af-6cc4-48d1-b2ef-2310ad5fc57b}]]></GPODomainGuid><GPODomainController><![CDATA[DC-SEC-01.security.local]]></GPODomainController><BackupTime><![CDATA[2022-09-19T15:26:57]]></BackupTime><ID><![CDATA[{44F5CA90-3837-4570-8106-108151A83D43}]]></ID><Comment><![CDATA[]]></Comment><GPODisplayName><![CDATA[MSFT Internet Explorer 11 - Computer]]></GPODisplayName></BackupInst></Backups>